<?xml version="1.0" encoding="UTF-8"?><list xmlns:xsi="http://www.w3.org/2001/XMLSchema-instance" xsi:schemaLocation="&quot;&quot;">
<com.axibase.tsd.service.export.query.QueryImpl xsi:type="queryImpl">
<id>119</id>
<name>Route53 Daily Availability</name>
<query><![CDATA[SELECT entity AS ID, entity.tags.url AS URL, 
  ROUND(AVG(value), 3) AS "Average Health, %", COUNT(value) AS "Sample Count"
FROM "aws_route53.healthcheckpercentagehealthy.average"
  WHERE datetime >= previous_day AND datetime < current_day
GROUP BY entity
  ORDER BY URL]]></query>
<enabled>true</enabled>
<schedule>0 0 4 * * ?</schedule>
<format>HTML</format>
<csvCompressType>NONE</csvCompressType>
<numericPrecision>3</numericPrecision>
<addMetaData>false</addMetaData>
<emailSubscribers>dev@example.com</emailSubscribers>
<emailSubject>Route53 Daily Availability</emailSubject>
<sendEmptyReport>true</sendEmptyReport>
<sendErrorReport>true</sendErrorReport>
<enableExport>true</enableExport>
<enableStore>false</enableStore>
<enablePublish>false</enablePublish>
<failOnError>false</failOnError>
<checkLastTime>false</checkLastTime>
<guestAccess>false</guestAccess>
<refresh>false</refresh>
<lastUpdated>1521207215629</lastUpdated>
</com.axibase.tsd.service.export.query.QueryImpl>
</list>
