<list>
  <com.axibase.tsd.service.portal.PortalServiceImpl_-PortalConfigAndAssignedEntityGroups>
    <portalConfig>
      <name>AWS Route53 Health Check Detail</name>
      <enabled>true</enabled>
      <showInMenu>false</showInMenu>
      <displayIndex>0</displayIndex>
      <style>black.css</style>
      <content>[configuration]
  title = AWS Route53 Health Check Detail: ${entity}
  height-units = 3
  width-units = 2
  offset-right = 40
  add-meta = true
  update-interval = 0
  entity = ${entity}
  
[group]

[widget]
  title = % Healthy
  type = chart
  mode = column
  width-units = 2
  timespan = 1 day
  period = 15 minute
  statistics = average
  label-format = javascript: (meta.entity.label == null) ? entity.substring(0, 8) : meta.entity.label
  alert-expression = value &lt; 95
  alert-style = color: orange    
 
  [series]
    metric = aws_route53.healthcheckpercentagehealthy.average
    color = yellowgreen

[group]
  timespan = 1 day
  label-format = javascript: tags.region
  rotate-ticks = 0
  step-line = false
  min-range = 0
  max-range = 1000
  [tags]
    region = *
  
[widget]
  title = Latency Statistics: Time to First Byte
  type = chart

  [series]
    metric = aws_route53.timetofirstbyte.average

[widget]
  title = Latency Statistics: SSH Handshake
  type = chart

  [series]
    metric = aws_route53.sslhandshaketime.average   
      
[group]
  
[widget]
  title = Configuration
  type = property
  width-units = 1
  transpose = true
  expand-tags = true
	[property]
		type = $entity_tags
    
[widget]
  type = table
    timespan = 1 day
  title = Daily Latency Statistics by Region
  column-entity = null
  column-time = null
  #column-metric = null 
    
  [series]
    metric = aws_route53.timetofirstbyte.average
    [tags]
      region = *
 
  [series]
    metric = aws_route53.sslhandshaketime.average
    [tags]
      region = *      

  [column]
      key = metric
      label = Metric
      value = value.split(&apos;.&apos;)[1]
      
  [column]
      tag = region
      label = Region
      
  [column]
      key = value
      label = Last    
    
	[column]
      key = avg
      label = Average
      series-value = avg()
	
	[column]
      key = min
      label = Minimum
	  series-value = min()
	
	[column]
	  key = max
      label = Maximum
	  series-value = max()  
    
    
</content>
      <lastModified>2018-03-16 13:11:04.975 UTC</lastModified>
      <guestAccess>false</guestAccess>
    </portalConfig>
    <groupsAssignedToPortal>
      <string>aws-route53-healthchecks</string>
    </groupsAssignedToPortal>
  </com.axibase.tsd.service.portal.PortalServiceImpl_-PortalConfigAndAssignedEntityGroups>
  <com.axibase.tsd.service.portal.PortalServiceImpl_-PortalConfigAndAssignedEntityGroups>
    <portalConfig>
      <name>AWS Route53 Health Checks</name>
      <enabled>true</enabled>
      <showInMenu>false</showInMenu>
      <displayIndex>0</displayIndex>
      <style>black.css</style>
      <content>[configuration]
  title = AWS Route53 Health Checks
  height-units = 3
  width-units = 2
  offset-right = 40
  add-meta = true
  update-interval = 0
  &lt;#if entities?has_content&gt;
  entities = ${entities}
  &lt;#else&gt;
  entity-group = aws-route53-healthchecks
  &lt;/#if&gt;
  
[group]

[widget]
  title = Average % Healthy by HealthCheck
  type = calendar
  width-units = 2
  timespan = 3 day
  summarize-period = 1 hour
  thresholds = 0, 90, 95, 99, 100
  colors = red, orange, yellow, green
  palette-ticks = true
  label-format = javascript: (meta.entity.label == null) ? entity.substring(0, 8) : meta.entity.label
 
  [series]
    metric = aws_route53.healthcheckpercentagehealthy.average

[group]
  timespan = 1 day
  label-format = javascript: (meta.entity.label == null) ? entity.substring(0, 8) : meta.entity.label
  tag-expression = tags.region = &apos;&apos;  
  rotate-ticks = 0
  statistics = average
  step-line = false
  min-range = 0
  max-range = 1000
  
[widget]
  title = Latency Statistics: Time to First Byte
  type = chart

  [series]
    metric = aws_route53.timetofirstbyte.average     

[widget]
  title = Latency Statistics: SSH Handshake
  type = chart

  [series]
    metric = aws_route53.sslhandshaketime.average
      
[group]
  
[widget]
  title = Health Checks
  type = property
  width-units = 2
 
	[column]
		key = entity
		label = ID
	[column]
		key = name
		label = Name
	[column]
		key = url
		label = URL
	[column]
		key = protocol
		label = Protocol
	[column]
		key = request_interval
		label = Check Interval, sec
	[column]
		key = measure_latency
		label = Measure Latency  
	[column]
		key = regions
		label = Regions       
	[property]
		type = $entity_tags
</content>
      <lastModified>2018-03-16 13:13:21.501 UTC</lastModified>
      <guestAccess>false</guestAccess>
    </portalConfig>
    <groupsAssignedToPortal/>
  </com.axibase.tsd.service.portal.PortalServiceImpl_-PortalConfigAndAssignedEntityGroups>
</list>