<list>
  <com.axibase.tsd.service.oxm.TagTemplateOxm>
    <id>33</id>
    <type>ENTITY</type>
    <name>AWS Route53 HealthChecks</name>
    <pattern>tags.protocol != &apos;&apos; &amp;&amp; tags.url != &apos;&apos;</pattern>
    <enabled>true</enabled>
    <displayIndex>0</displayIndex>
    <tagDescriptions class="java.util.Arrays$ArrayList">
      <a class="com.axibase.tsd.model.tags.TagDescription-array">
        <com.axibase.tsd.model.tags.TagDescription>
          <name>name</name>
          <label>Name</label>
          <type>TEXT</type>
          <values/>
        </com.axibase.tsd.model.tags.TagDescription>
        <com.axibase.tsd.model.tags.TagDescription>
          <name>url</name>
          <label>URL</label>
          <type>TEXT</type>
          <values/>
        </com.axibase.tsd.model.tags.TagDescription>
        <com.axibase.tsd.model.tags.TagDescription>
          <name>protocol</name>
          <label>Protocol</label>
          <type>TEXT</type>
          <values/>
        </com.axibase.tsd.model.tags.TagDescription>
        <com.axibase.tsd.model.tags.TagDescription>
          <name>domain_name</name>
          <label>Domain Name</label>
          <type>TEXT</type>
          <values/>
        </com.axibase.tsd.model.tags.TagDescription>
        <com.axibase.tsd.model.tags.TagDescription>
          <name>ip_address</name>
          <label>IP Address</label>
          <type>TEXT</type>
          <values/>
        </com.axibase.tsd.model.tags.TagDescription>
        <com.axibase.tsd.model.tags.TagDescription>
          <name>port</name>
          <label>Port</label>
          <type>NUMERIC</type>
          <defaultValue>0</defaultValue>
          <values/>
        </com.axibase.tsd.model.tags.TagDescription>
        <com.axibase.tsd.model.tags.TagDescription>
          <name>resource_path</name>
          <label>Resource Path</label>
          <type>TEXT</type>
          <values/>
        </com.axibase.tsd.model.tags.TagDescription>
        <com.axibase.tsd.model.tags.TagDescription>
          <name>request_interval</name>
          <label>Request Interval, sec</label>
          <type>NUMERIC</type>
          <defaultValue>30</defaultValue>
          <values/>
        </com.axibase.tsd.model.tags.TagDescription>
        <com.axibase.tsd.model.tags.TagDescription>
          <name>enable_sni</name>
          <label>Enable SNI</label>
          <type>BOOLEAN</type>
          <defaultValue>yes</defaultValue>
          <values/>
        </com.axibase.tsd.model.tags.TagDescription>
        <com.axibase.tsd.model.tags.TagDescription>
          <name>failure_threshold</name>
          <label>Failure Threshold</label>
          <type>NUMERIC</type>
          <defaultValue>0</defaultValue>
          <values/>
        </com.axibase.tsd.model.tags.TagDescription>
        <com.axibase.tsd.model.tags.TagDescription>
          <name>inverted</name>
          <label>Inverted</label>
          <type>BOOLEAN</type>
          <defaultValue>no</defaultValue>
          <values/>
        </com.axibase.tsd.model.tags.TagDescription>
        <com.axibase.tsd.model.tags.TagDescription>
          <name>measure_latency</name>
          <label>Measure Latency</label>
          <type>BOOLEAN</type>
          <defaultValue>no</defaultValue>
          <values/>
        </com.axibase.tsd.model.tags.TagDescription>
        <com.axibase.tsd.model.tags.TagDescription>
          <name>regions</name>
          <label>Regions</label>
          <type>TEXT</type>
          <values/>
        </com.axibase.tsd.model.tags.TagDescription>
      </a>
    </tagDescriptions>
    <parentId>0</parentId>
  </com.axibase.tsd.service.oxm.TagTemplateOxm>
</list>