<linked-list>
  <com.axibase.tsd.model.EntityView>
    <name>Marathon Applications</name>
    <entityGroup>marathon-applications</entityGroup>
    <columns>
      <com.axibase.tsd.model.EntityViewColumn>
        <type>PORTALS_COLUMN</type>
        <header>Portals</header>
      </com.axibase.tsd.model.EntityViewColumn>
      <com.axibase.tsd.model.EntityViewColumn>
        <type>PROPERTIES_COLUMN</type>
        <header>Properties</header>
        <value>marathon.apps</value>
      </com.axibase.tsd.model.EntityViewColumn>
      <com.axibase.tsd.model.EntityViewColumn>
        <type>NAME_COLUMN</type>
        <header>Name</header>
      </com.axibase.tsd.model.EntityViewColumn>
      <com.axibase.tsd.model.EntityViewColumn>
        <type>PROPERTY_TAG</type>
        <header>Container Type</header>
        <value>marathon.app::container.type</value>
      </com.axibase.tsd.model.EntityViewColumn>
      <com.axibase.tsd.model.EntityViewColumn>
        <type>PROPERTY_TAG</type>
        <header>Docker Image</header>
        <value>marathon.app::container.docker.image</value>
      </com.axibase.tsd.model.EntityViewColumn>
      <com.axibase.tsd.model.EntityViewColumn>
        <type>PROPERTY_TAG</type>
        <header>Health Check</header>
        <value>marathon.app::healthchecks.[0].protocol</value>
      </com.axibase.tsd.model.EntityViewColumn>
      <com.axibase.tsd.model.EntityViewColumn>
        <type>SERIES_VALUE</type>
        <header>Instances</header>
        <value>marathon.apps.instances</value>
        <link>CHART</link>
      </com.axibase.tsd.model.EntityViewColumn>
      <com.axibase.tsd.model.EntityViewColumn>
        <type>SERIES_VALUE</type>
        <header>Tasks Healthy</header>
        <value>marathon.apps.taskshealthy</value>
        <link>CHART</link>
      </com.axibase.tsd.model.EntityViewColumn>
      <com.axibase.tsd.model.EntityViewColumn>
        <type>SERIES_VALUE</type>
        <header>Tasks Unhealthy</header>
        <value>marathon.apps.tasksunhealthy</value>
        <link>CHART</link>
      </com.axibase.tsd.model.EntityViewColumn>
      <com.axibase.tsd.model.EntityViewColumn>
        <type>SERIES_VALUE</type>
        <header>CPU Allocation</header>
        <value>marathon.apps.cpus</value>
        <link>CHART</link>
      </com.axibase.tsd.model.EntityViewColumn>
      <com.axibase.tsd.model.EntityViewColumn>
        <type>SERIES_VALUE</type>
        <header>Memory Allocation, MiB</header>
        <value>marathon.apps.mem</value>
        <link>CHART</link>
      </com.axibase.tsd.model.EntityViewColumn>
      <com.axibase.tsd.model.EntityViewColumn>
        <type>SERIES_VALUE</type>
        <header>CPU Usage, %</header>
        <value>marathon.apps.usage_cpu</value>
        <link>CHART</link>
        <formatting>formatNumber(value, &apos;0.0&apos;)</formatting>
      </com.axibase.tsd.model.EntityViewColumn>
      <com.axibase.tsd.model.EntityViewColumn>
        <type>SERIES_VALUE</type>
        <header>Memory Usage</header>
        <value>marathon.apps.usage_memory</value>
        <link>CHART</link>
        <formatting>formatBytes(value*1024*1024, true)</formatting>
      </com.axibase.tsd.model.EntityViewColumn>
      <com.axibase.tsd.model.EntityViewColumn>
        <type>SERIES_VALUE</type>
        <header>RSS Usage</header>
        <value>marathon.apps.usage_memory_rss</value>
        <link>CHART</link>
        <formatting>formatBytes(value*1024*1024, true)</formatting>
      </com.axibase.tsd.model.EntityViewColumn>
      <com.axibase.tsd.model.EntityViewColumn>
        <type>SERIES_VALUE</type>
        <header>Containers Active</header>
        <value>marathon.apps.active_containers</value>
        <link>CHART</link>
      </com.axibase.tsd.model.EntityViewColumn>
      <com.axibase.tsd.model.EntityViewColumn>
        <type>METRICS_COLUMN</type>
        <header>API Metrics</header>
        <value>marathon.apps.taskshealthy:200</value>
        <formatting>formatIntervalShort(elapsedTime(value))</formatting>
      </com.axibase.tsd.model.EntityViewColumn>
      <com.axibase.tsd.model.EntityViewColumn>
        <type>METRICS_COLUMN</type>
        <header>SQL Metrics</header>
        <value>marathon.apps.active_containers:360</value>
        <formatting>formatIntervalShort(elapsedTime(value))</formatting>
      </com.axibase.tsd.model.EntityViewColumn>
    </columns>
    <pageSize>100</pageSize>
    <enabled>true</enabled>
    <menu>true</menu>
    <filters class="java.util.Arrays$ArrayList">
      <a class="com.axibase.tsd.model.EntityView$EntityViewFilter-array"/>
    </filters>
    <displayIndex>0</displayIndex>
    <icon>pt-icon-globe</icon>
  </com.axibase.tsd.model.EntityView>
</linked-list>
