<?xml version="1.0" encoding="UTF-8"?><list xmlns:xsi="http://www.w3.org/2001/XMLSchema-instance" xsi:schemaLocation="&quot;&quot;">
<com.axibase.tsd.service.export.query.QueryImpl xsi:type="queryImpl">
<id>115</id>
<name>Marathon Metrics</name>
<query><![CDATA[SELECT app AS "entity", 
  now as time,
  SUM(mem_val) AS "marathon.apps.usage_memory", 
  SUM(rss_val) AS "marathon.apps.usage_memory_rss", 
  SUM(cpup_val) AS "marathon.apps.usage_cpu",
  COUNT(mem_val) AS "marathon.apps.active_containers"
  FROM (
      ---
    SELECT mem.entity.tags."env.marathon_app_id" AS app,
		AVG(mem.value)/(1024*1024) AS mem_val,
		AVG(rss.value)/(1024*1024) AS rss_val,
    	AVG(cpup.value) AS cpup_val         
	  FROM "docker.memory.usage" AS mem
		OUTER JOIN "docker.memory.rss" as rss
		OUTER JOIN "docker.cpu.avg.usage.total.percent" AS cpup
	  WHERE mem.entity.tags."env.marathon_app_id" IS NOT NULL
		AND datetime BETWEEN NOW - 5*minute AND NOW
    GROUP BY mem.entity
) GROUP BY app]]></query>
<enabled>true</enabled>
<schedule>0 * * * * ?</schedule>
<format>CSV</format>
<csvCompressType>GZIP</csvCompressType>
<numericPrecision>-1</numericPrecision>
<addMetaData>false</addMetaData>
<sendEmptyReport>true</sendEmptyReport>
<sendErrorReport>true</sendErrorReport>
<enableExport>false</enableExport>
<enableStore>true</enableStore>
<enablePublish>false</enablePublish>
<failOnError>false</failOnError>
<checkLastTime>false</checkLastTime>
<guestAccess>false</guestAccess>
<refresh>false</refresh>
<lastUpdated>1521090365473</lastUpdated>
<author></author>
</com.axibase.tsd.service.export.query.QueryImpl>
</list>
