<list>
  <com.axibase.tsd.service.oxm.TagTemplateOxm>
    <id>19</id>
    <type>ENTITY</type>
    <name>Marathon</name>
    <pattern>tags[&apos;env.marathon_app_id&apos;] != &apos;&apos;</pattern>
    <enabled>true</enabled>
    <tagSetName>Marathon</tagSetName>
    <displayIndex>0</displayIndex>
    <tagDescriptions class="java.util.Arrays$ArrayList">
      <a class="com.axibase.tsd.model.tags.TagDescription-array">
        <com.axibase.tsd.model.tags.TagDescription>
          <name>env.marathon_app_id</name>
          <label>App Id</label>
          <type>TEXT</type>
          <values/>
        </com.axibase.tsd.model.tags.TagDescription>
        <com.axibase.tsd.model.tags.TagDescription>
          <name>env.marathon_app_version</name>
          <label>App Version</label>
          <type>TEXT</type>
          <values/>
        </com.axibase.tsd.model.tags.TagDescription>
        <com.axibase.tsd.model.tags.TagDescription>
          <name>env.marathon_app_labels</name>
          <label>App Labels</label>
          <type>TEXT</type>
          <values/>
        </com.axibase.tsd.model.tags.TagDescription>
        <com.axibase.tsd.model.tags.TagDescription>
          <name>env.marathon_app_docker_image</name>
          <label>App Image</label>
          <type>TEXT</type>
          <values/>
        </com.axibase.tsd.model.tags.TagDescription>
        <com.axibase.tsd.model.tags.TagDescription>
          <name>env.marathon_app_resource_cpus</name>
          <label>Resource CPUs</label>
          <type>NUMERIC</type>
          <defaultValue>0</defaultValue>
          <values/>
        </com.axibase.tsd.model.tags.TagDescription>
        <com.axibase.tsd.model.tags.TagDescription>
          <name>env.marathon_app_resource_mem</name>
          <label>Resource Memory</label>
          <type>NUMERIC</type>
          <defaultValue>0</defaultValue>
          <values/>
        </com.axibase.tsd.model.tags.TagDescription>
        <com.axibase.tsd.model.tags.TagDescription>
          <name>env.marathon_app_resource_disk</name>
          <label>Resource Disk</label>
          <type>NUMERIC</type>
          <defaultValue>0</defaultValue>
          <values/>
        </com.axibase.tsd.model.tags.TagDescription>
        <com.axibase.tsd.model.tags.TagDescription>
          <name>env.marathon_app_resource_gpus</name>
          <label>Resource GPUs</label>
          <type>NUMERIC</type>
          <defaultValue>0</defaultValue>
          <values/>
        </com.axibase.tsd.model.tags.TagDescription>
      </a>
    </tagDescriptions>
    <parentId>0</parentId>
  </com.axibase.tsd.service.oxm.TagTemplateOxm>
</list>